consumer_id,name,date_of_complaint,region,complaint,Department
7807,Michael Watson,2024-07-01,Port Johntown,"I am unable to access my account online, and need assistance with that.",Technical Feedback
8510,John Thompson,2024-09-05,Paulport,"My credit card was blocked without prior notice, and I want it unlocked.",Technical Feedback
3750,Tony Hensley,2024-04-25,Leeberg,"The withdrawal limit is too low, and I want it increased.",Technical Feedback
4030,Mindy Bailey,2024-01-14,Allisonberg,"I am unable to access my account online, and need assistance with that.",Technical Feedback
9225,Steven Sanchez,2024-01-28,Christianhaven,"The withdrawal limit is too low, and I want it increased.",Technical Feedback
3289,Mallory Young,2023-12-19,Lake Tanya,"I was charged hidden fees, and I would like an explanation.",Technical Feedback
1728,Megan Wilson,2024-06-03,South Jamesbury,"My credit card was blocked without prior notice, and I want it unlocked.",Technical Feedback
3637,Bridget Martinez,2024-05-04,Micheleport,"I was charged hidden fees, and I would like an explanation.",Technical Feedback
7962,Kayla Kerr,2024-09-22,South Michael,"My credit card was blocked without prior notice, and I want it unlocked.",Technical Feedback
4059,Ashley Rodriguez,2024-08-10,Jaredside,"I am unable to access my account online, and need assistance with that.",Technical Feedback
3226,Erin Garrison,2024-08-31,Harrisport,"The withdrawal limit is too low, and I want it increased.",Technical Feedback
7713,Jamie Leonard,2024-08-09,North Derek,"The withdrawal limit is too low, and I want it increased.",Technical Feedback
7954,Maria Fox,2024-06-05,West Danny,"My credit card was blocked without prior notice, and I want it unlocked.",Technical Feedback
3597,Teresa Warner,2024-04-18,New Michael,"My credit card was blocked without prior notice, and I want it unlocked.",Technical Feedback
8258,Carrie Warren,2024-01-12,West Leonardfort,"My credit card was blocked without prior notice, and I want it unlocked.",Technical Feedback
3933,Cheryl Kidd,2024-03-11,West Benjamin,"I was charged hidden fees, and I would like an explanation.",Technical Feedback
6231,Julie Cook,2024-08-13,Port Jerry,"I am unable to access my account online, and need assistance with that.",Technical Feedback
7331,Jeffery Anderson,2024-05-01,Joannamouth,"My credit card was blocked without prior notice, and I want it unlocked.",Technical Feedback
1999,Frank Rios,2023-12-02,East Jenniferchester,"I am unable to access my account online, and need assistance with that.",Technical Feedback
9913,Cynthia Smith,2024-10-19,Walkertown,"I am unable to access my account online, and need assistance with that.",Technical Feedback
6374,Victor Welch,2024-06-20,East Sharon,"The withdrawal limit is too low, and I want it increased.",Technical Feedback
7974,Nichole Smith,2024-01-05,North Robert,"My credit card was blocked without prior notice, and I want it unlocked.",Technical Feedback
3957,Alicia Green,2024-05-09,Carterstad,"The withdrawal limit is too low, and I want it increased.",Technical Feedback
1099,Mr. Michael Miller,2024-02-27,Lake Tina,"I was charged hidden fees, and I would like an explanation.",Technical Feedback
2005,Heather Simon,2024-01-10,West David,"My credit card was blocked without prior notice, and I want it unlocked.",Technical Feedback
8833,Hunter Burnett,2024-08-03,Danielside,"I am unable to access my account online, and need assistance with that.",Technical Feedback
2606,Jonathan Blair,2024-06-12,Pinedaland,"The withdrawal limit is too low, and I want it increased.",Technical Feedback
7597,Nancy Wagner,2024-10-25,East David,"My credit card was blocked without prior notice, and I want it unlocked.",Technical Feedback
5765,Maria Wu,2024-06-02,East Amyview,"My credit card was blocked without prior notice, and I want it unlocked.",Technical Feedback
2070,Elizabeth Davies,2024-02-28,Dawsonport,"My credit card was blocked without prior notice, and I want it unlocked.",Technical Feedback
1855,James Williams,2024-02-18,Micheleburgh,"I was charged hidden fees, and I would like an explanation.",Technical Feedback
1656,Erin Murphy,2024-09-27,New Jessicaland,"My credit card was blocked without prior notice, and I want it unlocked.",Technical Feedback
8195,Alexandria Middleton,2024-05-30,North Ericton,"My credit card was blocked without prior notice, and I want it unlocked.",Technical Feedback
2797,Lydia Weiss,2024-01-22,Port Melissa,"I was charged hidden fees, and I would like an explanation.",Technical Feedback
1838,Isabella Coleman,2024-06-09,Lake Kenneth,"I was charged hidden fees, and I would like an explanation.",Technical Feedback
3895,Mr. David Roman,2024-01-26,East Katherine,"The withdrawal limit is too low, and I want it increased.",Technical Feedback
1517,Michael Perry,2024-03-15,East Jenniferborough,"I am unable to access my account online, and need assistance with that.",Technical Feedback
3402,Joel Williams,2024-01-26,North Hannahmouth,"The withdrawal limit is too low, and I want it increased.",Technical Feedback
9164,Matthew Cameron,2024-01-04,North Jason,"The withdrawal limit is too low, and I want it increased.",Technical Feedback
5635,Carmen Erickson,2024-06-29,East April,"The withdrawal limit is too low, and I want it increased.",Technical Feedback
2535,Christina Perez,2023-12-13,North Jackson,"I was charged hidden fees, and I would like an explanation.",Technical Feedback
2834,John Hayes,2024-01-26,Lake Stevenchester,"The withdrawal limit is too low, and I want it increased.",Technical Feedback
4472,Tina Gonzalez,2024-08-17,Raymondside,"I am unable to access my account online, and need assistance with that.",Technical Feedback
5536,George Gibson,2024-05-05,Lake Todd,"My credit card was blocked without prior notice, and I want it unlocked.",Technical Feedback
9795,Edward Burnett,2024-09-24,Lopezshire,"My credit card was blocked without prior notice, and I want it unlocked.",Technical Feedback
9602,Jordan Santiago,2024-03-15,Smithport,"My credit card was blocked without prior notice, and I want it unlocked.",Technical Feedback
7407,Virginia Johnson,2024-04-22,West Nancyside,"I was charged hidden fees, and I would like an explanation.",Technical Feedback
1418,Joseph Andersen,2023-12-15,Port Travis,"My credit card was blocked without prior notice, and I want it unlocked.",Technical Feedback
6853,Katelyn Saunders,2023-12-16,Bennettburgh,"The withdrawal limit is too low, and I want it increased.",Technical Feedback
8774,Marie Castro,2024-08-08,New Nicholas,"My credit card was blocked without prior notice, and I want it unlocked.",Technical Feedback
5679,Debra Barnett,2024-05-27,East Jennifer,"I was charged hidden fees, and I would like an explanation.",Technical Feedback
2563,Raymond Martin,2024-05-05,New Judithview,"I was charged hidden fees, and I would like an explanation.",Technical Feedback
6723,Tyler Ramirez,2024-03-18,Allisonside,"I was charged hidden fees, and I would like an explanation.",Technical Feedback
7892,Melanie Young,2024-03-18,Lake Toddfort,"I was charged hidden fees, and I would like an explanation.",Technical Feedback
7981,Richard Sweeney,2024-05-12,South Stephanieland,"I am unable to access my account online, and need assistance with that.",Technical Feedback
7198,Anthony Holloway,2023-12-23,East Marcus,"I am unable to access my account online, and need assistance with that.",Technical Feedback
7767,Sandra Ward,2024-09-08,Coopertown,"The withdrawal limit is too low, and I want it increased.",Technical Feedback
1538,John Jimenez,2024-04-23,West Lisabury,"The withdrawal limit is too low, and I want it increased.",Technical Feedback
1565,David Garcia,2024-05-18,Fordtown,"I am unable to access my account online, and need assistance with that.",Technical Feedback
2362,Anthony Cisneros,2024-10-24,Williamsborough,"I am unable to access my account online, and need assistance with that.",Technical Feedback
9661,Ruth Obrien,2024-11-12,North Crystalhaven,"The withdrawal limit is too low, and I want it increased.",Technical Feedback
6800,Todd Wilson,2024-05-29,Robinburgh,"My credit card was blocked without prior notice, and I want it unlocked.",Technical Feedback
7683,Melissa Davis,2024-02-19,West Dylan,"The withdrawal limit is too low, and I want it increased.",Technical Feedback
1162,Mrs. Darlene Bell,2024-11-19,Shawnton,"My credit card was blocked without prior notice, and I want it unlocked.",Technical Feedback
6174,Meghan Stewart,2024-08-23,Ericstad,"My credit card was blocked without prior notice, and I want it unlocked.",Technical Feedback
4945,Nathaniel Ramsey,2023-12-17,Owensfort,"The withdrawal limit is too low, and I want it increased.",Technical Feedback
2674,Kevin Williams,2024-11-05,Lake Jonathanton,"I was charged hidden fees, and I would like an explanation.",Technical Feedback
4363,Lori Cameron,2024-01-02,East Sean,"I am unable to access my account online, and need assistance with that.",Technical Feedback
1229,Kevin Hill,2024-03-27,Port Katherineville,"I am unable to access my account online, and need assistance with that.",Technical Feedback
6873,Lauren Klein,2024-06-03,Ericburgh,"I was charged hidden fees, and I would like an explanation.",Technical Feedback
9837,Dennis Tate,2023-12-22,Williamsland,"My credit card was blocked without prior notice, and I want it unlocked.",Technical Feedback
9708,Natalie Butler,2024-07-15,New Christinaborough,"The withdrawal limit is too low, and I want it increased.",Technical Feedback
7694,Michael Ford,2024-01-11,East Earl,"The withdrawal limit is too low, and I want it increased.",Technical Feedback
9108,Angela Marshall DDS,2024-10-24,Foxview,"The withdrawal limit is too low, and I want it increased.",Technical Feedback
1745,Teresa Hernandez,2024-07-24,Blaketown,"The withdrawal limit is too low, and I want it increased.",Technical Feedback
6940,Alexander Morgan,2024-03-18,Catherineside,"I am unable to access my account online, and need assistance with that.",Technical Feedback
4308,Darren Smith,2024-05-12,East Christophermouth,"I am unable to access my account online, and need assistance with that.",Technical Feedback
1617,Brandi Hicks,2024-10-23,East Michaelfort,"My credit card was blocked without prior notice, and I want it unlocked.",Technical Feedback
1892,Ronald Hall,2024-03-17,Jessicaside,"The withdrawal limit is too low, and I want it increased.",Technical Feedback
4829,Chelsea Dunlap,2024-05-11,Washingtonmouth,"I am unable to access my account online, and need assistance with that.",Technical Feedback
6105,Jeremiah Johnson,2024-07-24,Elizabethville,"I was charged hidden fees, and I would like an explanation.",Technical Feedback
7857,Kyle Bryant,2024-11-13,Zimmermanville,"I am unable to access my account online, and need assistance with that.",Technical Feedback
2711,Diana Santiago,2024-03-18,South Amanda,"I am unable to access my account online, and need assistance with that.",Technical Feedback
4134,Melissa Hernandez,2024-05-01,New John,"I am unable to access my account online, and need assistance with that.",Technical Feedback
3945,Teresa Sanchez,2024-11-03,Fitzgeraldfurt,"My credit card was blocked without prior notice, and I want it unlocked.",Technical Feedback
2557,Michael Dawson,2024-09-03,South Amandachester,"I was charged hidden fees, and I would like an explanation.",Technical Feedback
1725,Monique Mathis,2024-06-02,Rowlandbury,"I was charged hidden fees, and I would like an explanation.",Technical Feedback
7709,Susan Love,2024-04-25,Barbarafurt,"The withdrawal limit is too low, and I want it increased.",Technical Feedback
6456,Joel Lopez,2024-04-07,Josephbury,"I am unable to access my account online, and need assistance with that.",Technical Feedback
4978,Kristen Mitchell,2023-12-12,Davidhaven,"The withdrawal limit is too low, and I want it increased.",Technical Feedback
3364,William Espinoza,2024-02-21,Tanyaton,"I was charged hidden fees, and I would like an explanation.",Technical Feedback
7059,Edwin Rodriguez,2024-10-08,Lake Kennethton,"My credit card was blocked without prior notice, and I want it unlocked.",Technical Feedback
6560,Laura Durham,2024-06-27,East Tiffanystad,"My credit card was blocked without prior notice, and I want it unlocked.",Technical Feedback
1407,Benjamin Conley,2024-10-20,South Teresa,"I was charged hidden fees, and I would like an explanation.",Technical Feedback
1969,Jason Allen,2024-07-12,Kleinchester,"I am unable to access my account online, and need assistance with that.",Technical Feedback
4489,Gregory Welch,2024-06-08,Sarahburgh,"The withdrawal limit is too low, and I want it increased.",Technical Feedback
9853,Peter Bell PhD,2024-04-16,Port Maxville,"My credit card was blocked without prior notice, and I want it unlocked.",Technical Feedback
1592,Deborah Garcia,2024-05-10,North Amyside,"The withdrawal limit is too low, and I want it increased.",Technical Feedback
7945,Alexandra Keller,2024-11-20,New Nicholas,"I was charged hidden fees, and I would like an explanation.",Technical Feedback
9560,Michael Peterson,2024-09-09,West Markchester,"The withdrawal limit is too low, and I want it increased.",Technical Feedback
3555,Lisa Garcia,2024-11-18,Lake Ashleyshire,"I am unable to access my account online, and need assistance with that.",Technical Feedback
9494,Dorothy Ramsey,2024-03-19,Shannonland,"I am unable to access my account online, and need assistance with that.",Technical Feedback
6221,Craig Scott,2024-03-26,New Karen,"The withdrawal limit is too low, and I want it increased.",Technical Feedback
9014,Cory Hansen,2024-08-08,New Nicholas,"The withdrawal limit is too low, and I want it increased.",Technical Feedback
8924,Christopher Patterson,2024-10-06,Wolfburgh,"I am unable to access my account online, and need assistance with that.",Technical Feedback
3194,Beth Kidd,2023-11-27,New Courtney,"The withdrawal limit is too low, and I want it increased.",Technical Feedback
7332,Thomas Rogers,2024-10-09,Port Robertside,"My credit card was blocked without prior notice, and I want it unlocked.",Technical Feedback
2987,Danielle Hernandez,2024-07-09,Danielleville,"I was charged hidden fees, and I would like an explanation.",Technical Feedback
7389,Daniel Rogers,2024-08-27,Lake Angelastad,"My credit card was blocked without prior notice, and I want it unlocked.",Technical Feedback
8417,Joseph Torres,2024-07-30,Ramostown,"I am unable to access my account online, and need assistance with that.",Technical Feedback
8152,Steven Vaughn,2023-12-03,Ashleyshire,"I was charged hidden fees, and I would like an explanation.",Technical Feedback
5695,Christopher Stein,2024-01-04,North Seanmouth,"I am unable to access my account online, and need assistance with that.",Technical Feedback
7975,Louis Mitchell,2024-03-13,Amberport,"The withdrawal limit is too low, and I want it increased.",Technical Feedback
2026,Mrs. Stephanie Odom DVM,2024-02-28,Davidshire,"My credit card was blocked without prior notice, and I want it unlocked.",Technical Feedback
7570,Sabrina Wood,2024-05-25,West Angela,"My credit card was blocked without prior notice, and I want it unlocked.",Technical Feedback
4416,Charlotte Little,2024-08-24,North Caleb,"My credit card was blocked without prior notice, and I want it unlocked.",Technical Feedback
4864,Jerry Stewart,2024-05-04,East Brandonport,"I am unable to access my account online, and need assistance with that.",Technical Feedback
9427,Daniel Williams,2024-03-13,Karaland,"My credit card was blocked without prior notice, and I want it unlocked.",Technical Feedback
3960,April Baker,2024-11-16,Abigailmouth,"My credit card was blocked without prior notice, and I want it unlocked.",Technical Feedback
3024,John Mcbride,2024-03-16,New Joshuaview,"The withdrawal limit is too low, and I want it increased.",Technical Feedback
2909,Christian Williams,2024-09-02,Parkerside,"The withdrawal limit is too low, and I want it increased.",Technical Feedback
6215,Erika Franklin,2024-10-06,Andersonmouth,"The withdrawal limit is too low, and I want it increased.",Technical Feedback
2701,Keith Hamilton,2023-12-04,South Katie,"I was charged hidden fees, and I would like an explanation.",Technical Feedback
6238,Steven Perkins,2024-11-17,Browntown,"I was charged hidden fees, and I would like an explanation.",Technical Feedback
4986,David Phillips,2024-06-25,South Lisa,"I am unable to access my account online, and need assistance with that.",Technical Feedback
9603,Regina Hodge,2024-09-29,Ryanstad,"I was charged hidden fees, and I would like an explanation.",Technical Feedback
6919,Matthew Savage,2024-06-09,New Ethanton,"I was charged hidden fees, and I would like an explanation.",Technical Feedback
9818,Michael Williams,2024-02-06,Staceychester,"My credit card was blocked without prior notice, and I want it unlocked.",Technical Feedback
3331,Dr. Wendy Williams,2024-04-10,North Robin,"I was charged hidden fees, and I would like an explanation.",Technical Feedback
2106,John Duncan,2023-12-02,North Joannatown,"The withdrawal limit is too low, and I want it increased.",Technical Feedback
6854,Louis Johnson,2024-10-05,Harrisonberg,"The withdrawal limit is too low, and I want it increased.",Technical Feedback
9205,Amanda Dixon,2024-05-09,South Juanburgh,"I was charged hidden fees, and I would like an explanation.",Technical Feedback
7455,Kevin Myers,2024-10-25,Lake Laurenmouth,"I was charged hidden fees, and I would like an explanation.",Technical Feedback
1593,Kaitlyn Bradley,2024-03-06,New Maria,"The withdrawal limit is too low, and I want it increased.",Technical Feedback
8575,Carl Edwards,2024-08-27,Lake Patrick,"My credit card was blocked without prior notice, and I want it unlocked.",Technical Feedback
3527,Christopher Rojas,2024-05-31,West Elizabeth,"I was charged hidden fees, and I would like an explanation.",Technical Feedback
4790,Benjamin Mccann,2024-03-01,Kellyborough,"My credit card was blocked without prior notice, and I want it unlocked.",Technical Feedback
9890,Chad Anderson,2024-05-30,North Danielle,"I was charged hidden fees, and I would like an explanation.",Technical Feedback
8059,Tina Montgomery,2024-04-27,Ianton,"I was charged hidden fees, and I would like an explanation.",Technical Feedback
3972,James Branch,2024-06-11,Lake Mackenzie,"The withdrawal limit is too low, and I want it increased.",Technical Feedback
7258,Patricia Gross,2024-04-10,Danielleside,"The withdrawal limit is too low, and I want it increased.",Technical Feedback
5703,Courtney Gray,2024-11-08,Davidton,"I was charged hidden fees, and I would like an explanation.",Technical Feedback
8747,George Collins,2024-11-15,Taylorfort,"I was charged hidden fees, and I would like an explanation.",Technical Feedback
5725,Kevin Hall,2024-04-21,West Shelby,"I was charged hidden fees, and I would like an explanation.",Technical Feedback
3059,Kyle Johnson,2024-05-10,Christinaton,"I was charged hidden fees, and I would like an explanation.",Technical Feedback
8899,Nicole Lawson,2024-02-12,Jamesport,"The withdrawal limit is too low, and I want it increased.",Technical Feedback
3006,Amber Roberson,2024-05-26,Jacobmouth,"I was charged hidden fees, and I would like an explanation.",Technical Feedback
4442,Lisa Anderson,2024-05-18,Tylershire,"The withdrawal limit is too low, and I want it increased.",Technical Feedback
4598,Melanie Dennis MD,2024-03-21,Stevenburgh,"The withdrawal limit is too low, and I want it increased.",Technical Feedback
6986,Christina Garcia,2024-10-18,Travistown,"The withdrawal limit is too low, and I want it increased.",Technical Feedback
1938,Daniel Walls,2024-06-13,East Kevinfurt,"The withdrawal limit is too low, and I want it increased.",Technical Feedback
4276,Phillip Fisher,2024-03-14,Johnbury,"My credit card was blocked without prior notice, and I want it unlocked.",Technical Feedback
5340,Tiffany Parrish,2024-04-09,East Nathanbury,"I am unable to access my account online, and need assistance with that.",Technical Feedback
8556,Kevin Barron,2023-12-22,Hornchester,"I was charged hidden fees, and I would like an explanation.",Technical Feedback
4338,Adam Curry,2024-08-28,Dianaville,"My credit card was blocked without prior notice, and I want it unlocked.",Technical Feedback
3955,Caleb Hicks,2024-06-02,East Lisaberg,"I was charged hidden fees, and I would like an explanation.",Technical Feedback
1202,Mr. Jay Wiggins PhD,2024-02-07,Reynoldsfurt,"My credit card was blocked without prior notice, and I want it unlocked.",Technical Feedback
5283,Rebecca Maddox,2024-06-14,North Victormouth,"I was charged hidden fees, and I would like an explanation.",Technical Feedback
9449,Danielle Campbell,2024-11-13,Grayhaven,"My credit card was blocked without prior notice, and I want it unlocked.",Technical Feedback
2135,Jamie Page,2024-11-21,West Matthewton,"I am unable to access my account online, and need assistance with that.",Technical Feedback
8312,Jennifer Thompson,2024-07-04,North Donna,"The withdrawal limit is too low, and I want it increased.",Technical Feedback
4619,Renee Thomas,2024-06-04,Riversside,"I am unable to access my account online, and need assistance with that.",Technical Feedback
8226,Christopher Zavala,2024-11-05,Cardenasmouth,"My credit card was blocked without prior notice, and I want it unlocked.",Technical Feedback
3865,Susan Bryan,2024-06-26,East Andrewborough,"I am unable to access my account online, and need assistance with that.",Technical Feedback
9726,Michelle Thompson,2023-12-23,East Hunterview,"I was charged hidden fees, and I would like an explanation.",Technical Feedback
1809,Shannon Thompson,2024-10-15,North Jose,"My credit card was blocked without prior notice, and I want it unlocked.",Technical Feedback
7268,Brooke Shelton,2024-08-31,West Angela,"I am unable to access my account online, and need assistance with that.",Technical Feedback
4683,Michelle Flores,2024-06-30,Michellefort,"The withdrawal limit is too low, and I want it increased.",Technical Feedback
9746,James Mcneil,2024-04-03,North Stephen,"I am unable to access my account online, and need assistance with that.",Technical Feedback
3261,Amber Long,2024-01-22,East Lisahaven,"The withdrawal limit is too low, and I want it increased.",Technical Feedback
6094,Aaron Bishop MD,2024-04-26,North Dennis,"I was charged hidden fees, and I would like an explanation.",Technical Feedback
8334,Karen Smith,2024-02-18,West Sabrina,"The withdrawal limit is too low, and I want it increased.",Technical Feedback
7280,Darin Galvan,2024-10-17,Davidshire,"I was charged hidden fees, and I would like an explanation.",Technical Feedback
5205,Antonio Kaiser,2024-04-22,Rebeccamouth,"I was charged hidden fees, and I would like an explanation.",Technical Feedback
6339,Timothy Anderson,2024-04-18,Port Brian,"I was charged hidden fees, and I would like an explanation.",Technical Feedback
9166,Yolanda Buchanan,2024-11-23,Blackville,"My credit card was blocked without prior notice, and I want it unlocked.",Technical Feedback
1249,Gerald Montgomery,2024-04-30,Davischester,"I am unable to access my account online, and need assistance with that.",Technical Feedback
3884,Elizabeth Bennett,2024-02-01,Courtneyhaven,"The withdrawal limit is too low, and I want it increased.",Technical Feedback
3766,Amanda Davis,2024-08-10,Kevinland,"I was charged hidden fees, and I would like an explanation.",Technical Feedback
3722,Jackie Mendoza,2024-08-02,Port Tyronefort,"My credit card was blocked without prior notice, and I want it unlocked.",Technical Feedback
9642,Mr. Jeffrey Rogers MD,2023-12-14,Wallaceberg,"I am unable to access my account online, and need assistance with that.",Technical Feedback
3332,Jacqueline Mosley,2024-09-09,Jamesberg,"I was charged hidden fees, and I would like an explanation.",Technical Feedback
8782,Lawrence Mccormick,2024-11-13,Pamburgh,"I am unable to access my account online, and need assistance with that.",Technical Feedback
3025,Mark Wilkins,2024-02-25,Hernandezshire,"I was charged hidden fees, and I would like an explanation.",Technical Feedback
3198,Michelle Keller,2024-08-31,Port Jenniferfort,"I was charged hidden fees, and I would like an explanation.",Technical Feedback
7026,Angela Valdez,2024-02-05,Warnerview,"I was charged hidden fees, and I would like an explanation.",Technical Feedback
4698,Cory Lee,2024-09-04,Jessicastad,"I am unable to access my account online, and need assistance with that.",Technical Feedback
6133,Jay Tapia,2024-04-23,New Stanley,"The withdrawal limit is too low, and I want it increased.",Technical Feedback
2743,Adrian Wheeler,2024-05-09,New Adam,"The withdrawal limit is too low, and I want it increased.",Technical Feedback
1589,Miguel Fernandez,2024-07-11,Cherylfort,"The withdrawal limit is too low, and I want it increased.",Technical Feedback
6057,Joel Morgan,2024-04-25,Christopherville,"The withdrawal limit is too low, and I want it increased.",Technical Feedback
2242,William Christian,2024-02-01,Raymouth,"I am unable to access my account online, and need assistance with that.",Technical Feedback
1931,Ricky Evans,2024-02-14,Lydialand,"I am unable to access my account online, and need assistance with that.",Technical Feedback
3810,Rachel Williams,2024-01-13,Lake Annette,"I was charged hidden fees, and I would like an explanation.",Technical Feedback
2710,Jennifer Zavala,2023-12-28,North Maryberg,"The withdrawal limit is too low, and I want it increased.",Technical Feedback
3394,Jessica Lee,2024-06-05,West Kevin,"My credit card was blocked without prior notice, and I want it unlocked.",Technical Feedback
6949,Sarah Sloan,2024-01-14,Lake Michael,"I am unable to access my account online, and need assistance with that.",Technical Feedback
4981,Rachel Griffith,2023-12-13,Lake Seanbury,"My credit card was blocked without prior notice, and I want it unlocked.",Technical Feedback
8427,Erik Johnson,2024-05-09,Johnborough,"I am unable to access my account online, and need assistance with that.",Technical Feedback
3389,Garrett Burch,2024-06-21,Crawfordside,"The withdrawal limit is too low, and I want it increased.",Technical Feedback
4164,Brittany Ross,2024-07-31,Hoffmanstad,"I was charged hidden fees, and I would like an explanation.",Technical Feedback
6614,Brian Watkins III,2023-12-16,Vickieborough,"I was charged hidden fees, and I would like an explanation.",Technical Feedback
6150,John Peterson,2024-03-24,Davisstad,"I am unable to access my account online, and need assistance with that.",Technical Feedback
4661,Bryan Rogers,2024-09-19,Lake Scottton,"I was charged hidden fees, and I would like an explanation.",Technical Feedback
4693,Jerry Mcneil,2024-01-20,Lake Adam,"I am unable to access my account online, and need assistance with that.",Technical Feedback
2096,Peggy Robles,2024-04-21,Mckinneyburgh,"I am unable to access my account online, and need assistance with that.",Technical Feedback
2381,Erin Thomas,2024-08-26,Colinshire,"I am unable to access my account online, and need assistance with that.",Technical Feedback
3045,Alicia Owen,2024-09-24,Gomeztown,"I was charged hidden fees, and I would like an explanation.",Technical Feedback
3603,Kristopher Schmidt,2024-01-18,Johnhaven,"I am unable to access my account online, and need assistance with that.",Technical Feedback
9738,Lisa Wagner,2024-01-10,Hectorshire,"My credit card was blocked without prior notice, and I want it unlocked.",Technical Feedback
7679,Matthew Peters,2024-03-23,Lake Fernando,"I was charged hidden fees, and I would like an explanation.",Technical Feedback
3502,Thomas Payne,2024-11-19,Michaelburgh,"My credit card was blocked without prior notice, and I want it unlocked.",Technical Feedback
3952,Erica Moore,2024-01-30,Fisherberg,"I was charged hidden fees, and I would like an explanation.",Technical Feedback
1207,Anthony Levy,2024-10-03,Port Alexandra,"My credit card was blocked without prior notice, and I want it unlocked.",Technical Feedback
7568,Anthony Williams,2024-01-04,Jonesland,"The withdrawal limit is too low, and I want it increased.",Technical Feedback
5410,Danielle Johnson,2024-07-03,Aguilarchester,"I was charged hidden fees, and I would like an explanation.",Technical Feedback
2968,Jennifer Clark,2024-07-11,Georgeville,"I am unable to access my account online, and need assistance with that.",Technical Feedback
5450,James Murphy,2024-05-05,Port Steven,"The withdrawal limit is too low, and I want it increased.",Technical Feedback
5353,Julia Terry,2024-04-16,New Wayne,"My credit card was blocked without prior notice, and I want it unlocked.",Technical Feedback
6705,Johnathan Jordan,2024-02-08,Liushire,"The withdrawal limit is too low, and I want it increased.",Technical Feedback
6389,Tina Navarro,2024-05-15,Jamesstad,"I am unable to access my account online, and need assistance with that.",Technical Feedback
1306,Lori Brown,2024-06-21,Mccarthyport,"I was charged hidden fees, and I would like an explanation.",Technical Feedback
5273,Julia Brennan,2024-07-25,Port Brandonhaven,"The withdrawal limit is too low, and I want it increased.",Technical Feedback
7452,Sheri Black,2024-06-11,Smithland,"My credit card was blocked without prior notice, and I want it unlocked.",Technical Feedback
8284,Justin Taylor,2024-01-10,Port Whitney,"I was charged hidden fees, and I would like an explanation.",Technical Feedback
2979,Scott Boone,2024-06-07,New Angela,"My credit card was blocked without prior notice, and I want it unlocked.",Technical Feedback
7966,Nancy Thomas,2024-10-27,Christinafurt,"My credit card was blocked without prior notice, and I want it unlocked.",Technical Feedback
8190,Jill Esparza,2024-01-21,Maldonadomouth,"The withdrawal limit is too low, and I want it increased.",Technical Feedback
3820,Mr. Randy Rodriguez,2024-08-04,West Jaredton,"I was charged hidden fees, and I would like an explanation.",Technical Feedback
6006,Willie Combs,2024-09-10,Loweville,"The withdrawal limit is too low, and I want it increased.",Technical Feedback
2804,Kimberly Baker,2024-01-01,Rangelhaven,"I was charged hidden fees, and I would like an explanation.",Technical Feedback
9255,James Barnes,2024-07-31,North Lisa,"My credit card was blocked without prior notice, and I want it unlocked.",Technical Feedback
3433,Andrew Kim,2024-03-01,North Debraborough,"My credit card was blocked without prior notice, and I want it unlocked.",Technical Feedback
5794,Jesse Meyer,2024-11-04,East Allenchester,"My credit card was blocked without prior notice, and I want it unlocked.",Technical Feedback
8511,Mr. Justin Hancock,2024-03-09,Matthewburgh,"I am unable to access my account online, and need assistance with that.",Technical Feedback
2905,Sandra Mathis,2024-11-08,New Jaime,"I am unable to access my account online, and need assistance with that.",Technical Feedback
5348,Angela Scott,2024-11-19,Donnamouth,"I am unable to access my account online, and need assistance with that.",Technical Feedback
3145,Jeffery Scott,2024-10-06,Hollowayshire,"My credit card was blocked without prior notice, and I want it unlocked.",Technical Feedback
2493,Teresa Hawkins,2024-04-08,Reginaldchester,"My credit card was blocked without prior notice, and I want it unlocked.",Technical Feedback
6610,Charlene Galloway,2024-03-11,Lake Christopher,"I am unable to access my account online, and need assistance with that.",Technical Feedback
5780,Luke Fischer,2024-07-08,Joseville,"I am unable to access my account online, and need assistance with that.",Technical Feedback
5513,Dawn Brown,2023-12-03,Carsonport,"I was charged hidden fees, and I would like an explanation.",Technical Feedback
9066,Robert Walls,2024-09-11,Brownside,"I was charged hidden fees, and I would like an explanation.",Technical Feedback
4435,Zachary Bright,2024-04-05,New Justin,"I am unable to access my account online, and need assistance with that.",Technical Feedback
1270,Lisa Jackson,2024-03-18,Christianborough,"I was charged hidden fees, and I would like an explanation.",Technical Feedback
2659,Joseph Torres,2024-10-28,Lake Elizabeth,"I am unable to access my account online, and need assistance with that.",Technical Feedback
6834,Robert Murphy,2024-08-12,North Mark,"The withdrawal limit is too low, and I want it increased.",Technical Feedback
8447,Joseph Walsh,2024-07-25,West Bryan,"I was charged hidden fees, and I would like an explanation.",Technical Feedback
5974,Cheryl Johnson,2024-11-02,Gallowayfurt,"I was charged hidden fees, and I would like an explanation.",Technical Feedback
3374,Kyle Dawson,2024-02-26,South Kristi,"I am unable to access my account online, and need assistance with that.",Technical Feedback
2198,James Simmons,2024-02-10,Michaelmouth,"My credit card was blocked without prior notice, and I want it unlocked.",Technical Feedback
